-- Заполнение авиакомпаний
insert into aviation.airline(id_airline, name_airline, year_of_foundation, passenger_traffic_per_year) values
(1, 'Аэрофлот', 1923, 34000000),
(2, 'S7 Airlines', 1992, 13000000),
(3, 'Utair', 1934, 5000000),
(4, 'Pobeda', 2014, 8000000),
(5, 'Nordwind', 2008, 6000000),
(6, 'Rossiya', 1992, 16000000),
(7, 'Ural Airlines', 1943, 10000000),
(8, 'Yamal', 1997, 3000000),
(9, 'Azur Air', 2017, 4000000),
(10, 'Red Wings', 1999, 7000000),
(11, 'Globus', 2008, 9000000),
(12, 'Yakutia', 2002, 2000000),
(13, 'Aurora', 2013, 5000000),
(14, 'Royal Flight', 2014, 1000000),
(15, 'Ikar', 1993, 4000000);


-- Заполнение авиапарка
insert into aviation.air_force(id_plane, is_in_leasing, leasing_cost, plane_cost) values
(1, false, 0, 50000000),
(2, true, 1000000, 80000000),
(3, false, 0, 70000000),
(4, true, 2000000, 60000000),
(5, false, 0, 55000000),
(6, true, 1500000, 75000000),
(7, false, 0, 90000000),
(8, true, 3000000, 100000000),
(9, false, 0, 65000000),
(10, true, 2500000, 85000000),
(11, false, 0, 95000000),
(12, true, 4000000, 120000000),
(13, false, 0, 80000000),
(14, true, 5000000, 150000000),
(15, false, 0, 100000000);

-- Заполнение сотрудников
insert into aviation.employee(id_employee, id_airline, first_name, second_name, phone, experience, job_position, height, weight, salary, sex) values
(1, 1, 'Иван', 'Иванов', '+79123456789', 5, 'Пилот', 180, 80, 100000, 'Мужской'),
(2, 1, 'Елена', 'Смирнова', '+79098765432', 3, 'Стюардесса', 170, 60, 50000, 'Женский'),
(3, 1, 'Петр', 'Петров', '+79234567890', 10, 'Инженер-механик', 185, 90, 120000, 'Мужской'),
(4, 3, 'Анна', 'Кузнецова', '+79121234567', 7, 'Бортпроводник', 175, 65, 60000, 'Женский'),
(5, 4, 'Дмитрий', 'Сидоров', '+79223344556', 2, 'Стажер-пилот', 182, 85, 50000, 'Мужской'),
(6, 4, 'Ольга', 'Иванова', '+79112233445', 4, 'Специалист по бронированию билетов', 168, 55, 70000, 'Женский'),
(7, 4, 'Алексей', 'Козлов', '+79091234567', 8, 'Техник-электроник', 178, 75, 90000, 'Мужской'),
(8, 10, 'Мария', 'Попова', '+79222334455', 6, 'Бортинженер', 173, 63, 80000, 'Женский'),
(9, 11, 'Сергей', 'Семенов', '+79122334455', 12, 'Командир экипажа', 190, 95, 150000, 'Мужской'),
(10, 12, 'Наталья', 'Михайлова', '+79091234567', 9, 'Бортпроводник', 170, 58, 70000, 'Женский'),
(11, 2, 'Артем', 'Новиков', '+79223344556', 3, 'Стажер-инженер', 183, 80, 50000, 'Мужской'),
(12, 12, 'Екатерина', 'Васильева', '+79123456789', 5, 'Стюардесса', 175, 62, 50000, 'Женский'),
(13, 3, 'Александр', 'Кузьмин', '+79234567890', 11, 'Второй пилот', 185, 90, 110000, 'Мужской'),
(14, 5, 'София', 'Дмитриева', '+79121234567', 2, 'Стажер-бортпроводник', 170, 55, 40000, 'Женский'),
(15, 5, 'Игорь', 'Федоров', '+79223344556', 6, 'Техник-механик', 180, 85, 80000, 'Мужской');


-- Заполнение аэропортов
insert into aviation.airport(id_airport, name_airport, location_airport, passenger_traffic_per_year, fee) values
(1, 'Шереметьево', 'Москва', 45000000, 100),
(2, 'Домодедово', 'Москва', 30000000, 90),
(3, 'Внуково', 'Москва', 20000000, 80),
(4, 'Пулково', 'Санкт-Петербург', 15000000, 70),
(5, 'Толмачево', 'Новосибирск', 8000000, 60),
(6, 'Кольцово', 'Екатеринбург', 6000000, 50),
(7, 'Курумоч', 'Самара', 5000000, 40),
(8, 'Уфа', 'Уфа', 4000000, 30),
(9, 'Рощино', 'Тюмень', 3000000, 20),
(10, 'Бегишево', 'Набережные Челны', 2000000, 10),
(11, 'Казань', 'Казань', 10000000, 50),
(12, 'Сочи', 'Сочи', 7000000, 40),
(13, 'Владивосток', 'Владивосток', 5000000, 30),
(14, 'Храброво', 'Калининград', 4000000, 20),
(15, 'Мурманск', 'Мурманск', 1000000, 10);


-- Заполнение самолетов
insert into aviation.airplane(id_plane, brand_of_plane, year_of_production, number_seats_in_economy, number_seats_in_business, number_of_pilot, number_of_steward, type_fuselage) values
(1, 'Боинг 737', 2010, 200, 50, 2, 6, 'узкофюзеляжный'),
(2, 'Airbus A320', 2015, 180, 40, 2, 5, 'широкофюзеляжный'),
(3, 'Сухой Суперджет 100', 2012, 150, 30, 2, 4, 'узкофюзеляжный'),
(4, 'Airbus A321', 2016, 170, 35, 2, 5, 'широкофюзеляжный'),
(5, 'Boeing 737-800', 2018, 190, 45, 2, 6, 'узкофюзеляжный'),
(6, 'Airbus A330', 2014, 220, 60, 3, 8, 'широкофюзеляжный'),
(7, 'Boeing 757', 2017, 160, 30, 2, 4, 'узкофюзеляжный'),
(8, 'Ту-154', 2013, 140, 25, 2, 3, 'узкофюзеляжный'),
(9, 'Boeing 767', 2019, 200, 40, 2, 5, 'широкофюзеляжный'),
(10, 'Airbus A319', 2011, 180, 30, 2, 4, 'узкофюзеляжный'),
(11, 'Boeing 777', 2016, 220, 60, 3, 8, 'широкофюзеляжный'),
(12, 'Airbus A318', 2017, 170, 35, 2, 5, 'узкофюзеляжный'),
(13, 'Boeing 737 MAX', 2019, 160, 30, 2, 4, 'широкофюзеляжный'),
(14, 'Boeing 747', 2018, 200, 50, 2, 6, 'узкофюзеляжный'),
(15, 'Airbus A380', 2015, 140, 25, 2, 3, 'узкофюзеляжный');


-- Заполнение журнала
insert into aviation.journal(id_itinerary, id_departure_airport, id_arrival_airport, time_departure, time_arrival) values
(1, 1, 2, '07:00', '09:30'),
(2, 3, 4, '10:00', '12:45'),
(3, 2, 5, '08:30', '11:15'),
(4, 6, 7, '13:00', '15:45'),
(5, 4, 8, '16:00', '18:30'),
(6, 5, 9, '14:30', '17:45'),
(7, 7, 10, '11:30', '13:15'),
(8, 8, 11, '09:00', '12:45'),
(9, 9, 12, '16:30', '18:15'),
(10, 10, 13, '13:30', '15:45'),
(11, 11, 14, '07:30', '10:15'),
(12, 12, 15, '12:00', '14:30'),
(13, 13, 1, '18:00', '20:30'),
(14, 14, 3, '15:30', '17:45'),
(15, 15, 6, '10:30', '13:15'),
(16, 2, 4, '11:00', '13:00'),
(17, 5, 1, '19:00', '21:00'),
(18, 7, 8, '14:00', '16:00'),
(19, 9, 10, '08:00', '10:00'),
(20, 11, 12, '15:00', '17:00'),
(21, 13, 14, '12:30', '14:30'),
(22, 15, 3, '17:30', '19:30'),
(23, 1, 6, '09:30', '11:30'),
(24, 4, 11, '16:45', '19:00'),
(25, 8, 13, '12:15', '14:15'),
(26, 12, 2, '18:45', '20:45'),
(27, 14, 7, '10:45', '13:00'),
(28, 3, 9, '07:30', '09:45'),
(29, 6, 15, '14:15', '16:45'),
(30, 10, 1, '17:15', '19:30'),
(31, 2, 7, '09:00', '11:00'),
(32, 5, 12, '16:30', '18:30'),
(33, 8, 15, '12:45', '15:00'),
(34, 11, 3, '19:15', '21:00'),
(35, 13, 6, '08:45', '11:00'),
(36, 15, 9, '14:00', '16:15'),
(37, 1, 11, '10:00', '12:30'),
(38, 4, 13, '15:15', '17:45'),
(39, 7, 14, '11:30', '13:45'),
(40, 10, 2, '18:00', '20:00'),
(41, 12, 5, '07:45', '10:00'),
(42, 14, 8, '13:15', '15:30'),
(43, 3, 10, '16:15', '18:30'),
(44, 6, 1, '08:30', '10:45'),
(45, 9, 4, '12:00', '14:15');


-- Заполнение связи сотрудника и самолета
insert into aviation.connection_plane_employee(id_plane, id_employee) values
(1, 1),
(1, 2),
(2, 3),
(2, 4),
(3, 5),
(3, 6),
(4, 7),
(4, 8),
(5, 9),
(5, 10),
(6, 11),
(6, 12),
(7, 13),
(7, 14),
(8, 15);


-- Заполнение рейсы самолетов(связь самолета и маршрута)
insert into aviation.flight(id_plane, id_itinerary, money_for_flight_pilot, money_for_flight_steward, ticket_price_economy, ticket_price_business) values
(1, 1, 10000, 5000, 2000, 5000),
(2, 2, 12000, 6000, 2500, 6000),
(3, 3, 15000, 7500, 3000, 7000),
(4, 4, 18000, 9000, 3500, 8000),
(5, 5, 20000, 10000, 4000, 9000),
(6, 6, 22000, 11000, 4500, 10000),
(7, 7, 25000, 12500, 5000, 11000),
(8, 8, 28000, 14000, 5500, 12000),
(1, 9, 10000, 5000, 2000, 5000),
(2, 10, 12000, 6000, 2500, 6000),
(3, 11, 15000, 7500, 3000, 7000),
(4, 12, 18000, 9000, 3500, 8000),
(5, 13, 20000, 10000, 4000, 9000),
(6, 14, 22000, 11000, 4500, 10000),
(7, 15, 25000, 12500, 5000, 11000);


-- Заполнение связи авиакомпании и аэропорта
insert into aviation.connection_airline_airport(id_airline, id_airport) values
(1, 1),
(1, 2),
(2, 3),
(2, 4),
(3, 5),
(3, 6),
(4, 7),
(4, 8),
(5, 9),
(5, 10),
(6, 11),
(6, 12),
(7, 13),
(7, 14),
(8, 15);


-- Заполнение истории маршрутов
insert into aviation.history_of_journal(id_itinerary, id_departure_airport, id_arrival_airport, time_departure, time_arrival) values
(1, 1, 2, '10:00', '12:00'),
(2, 3, 4, '14:00', '16:00'),
(3, 5, 6, '18:00', '20:00'),
(4, 7, 8, '08:00', '10:00'),
(5, 9, 10, '12:00', '14:00'),
(6, 11, 12, '16:00', '18:00'),
(7, 13, 14, '20:00', '22:00'),
(8, 15, 1, '10:30', '12:30'),
(9, 2, 3, '13:00', '15:00'),
(10, 4, 5, '17:00', '19:00'),
(11, 6, 7, '21:00', '23:00'),
(12, 8, 9, '09:00', '11:00'),
(13, 10, 11, '13:30', '15:30'),
(14, 12, 13, '18:30', '20:30'),
(15, 14, 15, '22:30', '00:30');


-- Заполнение истории сотрудников
insert into aviation.history_employee(id_employee, first_name, second_name, job_position, salary) values
(1, 'Иван', 'Иванов', 'Пилот', 50000),
(2, 'Петр', 'Петров', 'Стюардесса', 30000),
(3, 'Алексей', 'Сидоров', 'Бортинженер', 40000),
(4, 'Елена', 'Смирнова', 'Диспетчер', 45000),
(5, 'Дмитрий', 'Кузнецов', 'Механик', 42000),
(6, 'Мария', 'Ковалева', 'Пилот', 55000),
(7, 'Андрей', 'Николаев', 'Стюард', 28000),
(8, 'Ольга', 'Иванова', 'Бортпроводник', 32000),
(9, 'Владимир', 'Петровский', 'Бортинженер', 42000),
(10, 'Наталья', 'Сидорова', 'Диспетчер', 46000),
(11, 'Александр', 'Кузьмин', 'Механик', 43000),
(12, 'Евгения', 'Козлова', 'Пилот', 58000),
(13, 'Денис', 'Никитин', 'Стюардесса', 31000),
(14, 'Любовь', 'Иванова', 'Бортпроводник', 33000),
(15, 'Игорь', 'Петров', 'Бортинженер', 41000);